{
  "_C": "FibonacciTestCase",
  "inputSize": 0,
  "traces": {
    "_C": "ExecutionTraceByMode",
    "traceByMode": {
      "CODE": {
        "_C": "FibonacciExecutionTraceFull",
        "trace": [
          {
            "_C": "Fibonacci",
            "n": 0,
            "moinsUn": null,
            "moinsDeux": null,
            "carte": null,
            "nombreOr": 0.0,
            "reponse": 0
          }
        ],
        "current": 0
      },
      "SOLUTION": {
        "_C": "FibonacciExecutionTraceFull",
        "trace": [
          {
            "_C": "Fibonacci",
            "n": 0,
            "moinsUn": null,
            "moinsDeux": null,
            "carte": null,
            "nombreOr": 0.0,
            "reponse": 0
          },
          {
            "_C": "Fibonacci",
            "n": 0,
            "moinsUn": null,
            "moinsDeux": null,
            "carte": {
              "_C": "Carte",
              "numero": 0,
              "sorte": "COEUR"
            },
            "nombreOr": 0.0,
            "reponse": 0
          }
        ],
        "current": 0
      },
      "MANUAL": {
        "_C": "FibonacciExecutionTraceFull",
        "trace": [
          {
            "_C": "Fibonacci",
            "n": 0,
            "moinsUn": null,
            "moinsDeux": null,
            "carte": null,
            "nombreOr": 0.0,
            "reponse": 0
          }
        ],
        "current": 0
      }
    }
  },
  "testCaseId": "ex00",
  "category": "exemples"
}