{
  "_C": "FibonacciTestCase",
  "inputSize": 1,
  "traces": {
    "_C": "ExecutionTraceByMode",
    "traceByMode": {
      "CODE": {
        "_C": "FibonacciExecutionTraceFull",
        "trace": [
          {
            "_C": "Fibonacci",
            "n": 1,
            "moinsUn": null,
            "moinsDeux": null,
            "carte": null,
            "nombreOr": 0.0,
            "reponse": 0
          }
        ],
        "current": 0
      },
      "SOLUTION": {
        "_C": "FibonacciExecutionTraceFull",
        "trace": [
          {
            "_C": "Fibonacci",
            "n": 1,
            "moinsUn": null,
            "moinsDeux": null,
            "carte": null,
            "nombreOr": 0.0,
            "reponse": 0
          },
          {
            "_C": "Fibonacci",
            "n": 1,
            "moinsUn": {
              "_C": "MonFibonacci",
              "n": 0,
              "moinsUn": null,
              "moinsDeux": null,
              "carte": null,
              "nombreOr": 0.0,
              "reponse": 0
            },
            "moinsDeux": null,
            "carte": null,
            "nombreOr": 0.0,
            "reponse": 0
          },
          {
            "_C": "Fibonacci",
            "n": 1,
            "moinsUn": {
              "_C": "MonFibonacci",
              "n": 0,
              "moinsUn": null,
              "moinsDeux": null,
              "carte": {
                "_C": "Carte",
                "numero": 0,
                "sorte": "COEUR"
              },
              "nombreOr": 0.0,
              "reponse": 0
            },
            "moinsDeux": null,
            "carte": null,
            "nombreOr": 0.0,
            "reponse": 0
          },
          {
            "_C": "Fibonacci",
            "n": 1,
            "moinsUn": {
              "_C": "MonFibonacci",
              "n": 0,
              "moinsUn": null,
              "moinsDeux": null,
              "carte": {
                "_R": "/traces/traceByMode/SOLUTION/trace/2/moinsUn/carte"
              },
              "nombreOr": 0.0,
              "reponse": 0
            },
            "moinsDeux": null,
            "carte": {
              "_C": "Carte",
              "numero": 1,
              "sorte": "COEUR"
            },
            "nombreOr": 0.0,
            "reponse": 1
          }
        ],
        "current": 0
      },
      "MANUAL": {
        "_C": "FibonacciExecutionTraceFull",
        "trace": [
          {
            "_C": "Fibonacci",
            "n": 1,
            "moinsUn": null,
            "moinsDeux": null,
            "carte": null,
            "nombreOr": 0.0,
            "reponse": 0
          }
        ],
        "current": 0
      }
    }
  },
  "testCaseId": "ex01",
  "category": "exemples"
}