{
  "_C": "FibonacciTestCase",
  "inputSize": 2,
  "traces": {
    "_C": "ExecutionTraceByMode",
    "traceByMode": {
      "CODE": {
        "_C": "FibonacciExecutionTraceFull",
        "trace": [
          {
            "_C": "Fibonacci",
            "n": 2,
            "moinsUn": null,
            "moinsDeux": null,
            "carte": null,
            "nombreOr": 0.0,
            "reponse": 0
          }
        ],
        "current": 0
      },
      "SOLUTION": {
        "_C": "FibonacciExecutionTraceFull",
        "trace": [
          {
            "_C": "Fibonacci",
            "n": 2,
            "moinsUn": null,
            "moinsDeux": null,
            "carte": null,
            "nombreOr": 0.0,
            "reponse": 0
          },
          {
            "_C": "Fibonacci",
            "n": 2,
            "moinsUn": {
              "_C": "MonFibonacci",
              "n": 0,
              "moinsUn": null,
              "moinsDeux": null,
              "carte": null,
              "nombreOr": 0.0,
              "reponse": 0
            },
            "moinsDeux": null,
            "carte": null,
            "nombreOr": 0.0,
            "reponse": 0
          },
          {
            "_C": "Fibonacci",
            "n": 2,
            "moinsUn": {
              "_C": "MonFibonacci",
              "n": 1,
              "moinsUn": {
                "_C": "MonFibonacci",
                "n": 0,
                "moinsUn": null,
                "moinsDeux": null,
                "carte": null,
                "nombreOr": 0.0,
                "reponse": 0
              },
              "moinsDeux": null,
              "carte": null,
              "nombreOr": 0.0,
              "reponse": 0
            },
            "moinsDeux": {
              "_R": "/traces/traceByMode/SOLUTION/trace/2/moinsUn/moinsUn"
            },
            "carte": null,
            "nombreOr": 0.0,
            "reponse": 0
          },
          {
            "_C": "Fibonacci",
            "n": 2,
            "moinsUn": {
              "_C": "MonFibonacci",
              "n": 1,
              "moinsUn": {
                "_C": "MonFibonacci",
                "n": 0,
                "moinsUn": null,
                "moinsDeux": null,
                "carte": {
                  "_C": "Carte",
                  "numero": 0,
                  "sorte": "COEUR"
                },
                "nombreOr": 0.0,
                "reponse": 0
              },
              "moinsDeux": null,
              "carte": null,
              "nombreOr": 0.0,
              "reponse": 0
            },
            "moinsDeux": {
              "_R": "/traces/traceByMode/SOLUTION/trace/3/moinsUn/moinsUn"
            },
            "carte": null,
            "nombreOr": 0.0,
            "reponse": 0
          },
          {
            "_C": "Fibonacci",
            "n": 2,
            "moinsUn": {
              "_C": "MonFibonacci",
              "n": 1,
              "moinsUn": {
                "_C": "MonFibonacci",
                "n": 0,
                "moinsUn": null,
                "moinsDeux": null,
                "carte": {
                  "_R": "/traces/traceByMode/SOLUTION/trace/3/moinsUn/moinsUn/carte"
                },
                "nombreOr": 0.0,
                "reponse": 0
              },
              "moinsDeux": null,
              "carte": {
                "_C": "Carte",
                "numero": 1,
                "sorte": "COEUR"
              },
              "nombreOr": 0.0,
              "reponse": 1
            },
            "moinsDeux": {
              "_R": "/traces/traceByMode/SOLUTION/trace/4/moinsUn/moinsUn"
            },
            "carte": null,
            "nombreOr": 0.0,
            "reponse": 0
          },
          {
            "_C": "Fibonacci",
            "n": 2,
            "moinsUn": {
              "_C": "MonFibonacci",
              "n": 1,
              "moinsUn": {
                "_C": "MonFibonacci",
                "n": 0,
                "moinsUn": null,
                "moinsDeux": null,
                "carte": {
                  "_R": "/traces/traceByMode/SOLUTION/trace/3/moinsUn/moinsUn/carte"
                },
                "nombreOr": 0.0,
                "reponse": 0
              },
              "moinsDeux": null,
              "carte": {
                "_R": "/traces/traceByMode/SOLUTION/trace/4/moinsUn/carte"
              },
              "nombreOr": 0.0,
              "reponse": 1
            },
            "moinsDeux": {
              "_R": "/traces/traceByMode/SOLUTION/trace/5/moinsUn/moinsUn"
            },
            "carte": {
              "_C": "Carte",
              "numero": 1,
              "sorte": "COEUR"
            },
            "nombreOr": 1.0,
            "reponse": 1
          }
        ],
        "current": 0
      },
      "MANUAL": {
        "_C": "FibonacciExecutionTraceFull",
        "trace": [
          {
            "_C": "Fibonacci",
            "n": 2,
            "moinsUn": null,
            "moinsDeux": null,
            "carte": null,
            "nombreOr": 0.0,
            "reponse": 0
          }
        ],
        "current": 0
      }
    }
  },
  "testCaseId": "ex02",
  "category": "exemples"
}