{
  "_C": "FibonacciTestCase",
  "inputSize": 5,
  "traces": {
    "_C": "ExecutionTraceByMode",
    "traceByMode": {
      "CODE": {
        "_C": "FibonacciExecutionTraceFull",
        "trace": [
          {
            "_C": "Fibonacci",
            "n": 5,
            "moinsUn": null,
            "moinsDeux": null,
            "carte": null,
            "nombreOr": 0.0,
            "reponse": 0
          }
        ],
        "current": 0
      },
      "SOLUTION": {
        "_C": "FibonacciExecutionTraceFull",
        "trace": [
          {
            "_C": "Fibonacci",
            "n": 5,
            "moinsUn": null,
            "moinsDeux": null,
            "carte": null,
            "nombreOr": 0.0,
            "reponse": 0
          },
          {
            "_C": "Fibonacci",
            "n": 5,
            "moinsUn": {
              "_C": "MonFibonacci",
              "n": 0,
              "moinsUn": null,
              "moinsDeux": null,
              "carte": null,
              "nombreOr": 0.0,
              "reponse": 0
            },
            "moinsDeux": null,
            "carte": null,
            "nombreOr": 0.0,
            "reponse": 0
          },
          {
            "_C": "Fibonacci",
            "n": 5,
            "moinsUn": {
              "_C": "MonFibonacci",
              "n": 4,
              "moinsUn": {
                "_C": "MonFibonacci",
                "n": 0,
                "moinsUn": null,
                "moinsDeux": null,
                "carte": null,
                "nombreOr": 0.0,
                "reponse": 0
              },
              "moinsDeux": null,
              "carte": null,
              "nombreOr": 0.0,
              "reponse": 0
            },
            "moinsDeux": {
              "_R": "/traces/traceByMode/SOLUTION/trace/2/moinsUn/moinsUn"
            },
            "carte": null,
            "nombreOr": 0.0,
            "reponse": 0
          },
          {
            "_C": "Fibonacci",
            "n": 5,
            "moinsUn": {
              "_C": "MonFibonacci",
              "n": 4,
              "moinsUn": {
                "_C": "MonFibonacci",
                "n": 3,
                "moinsUn": {
                  "_C": "MonFibonacci",
                  "n": 0,
                  "moinsUn": null,
                  "moinsDeux": null,
                  "carte": null,
                  "nombreOr": 0.0,
                  "reponse": 0
                },
                "moinsDeux": null,
                "carte": null,
                "nombreOr": 0.0,
                "reponse": 0
              },
              "moinsDeux": {
                "_R": "/traces/traceByMode/SOLUTION/trace/3/moinsUn/moinsUn/moinsUn"
              },
              "carte": null,
              "nombreOr": 0.0,
              "reponse": 0
            },
            "moinsDeux": {
              "_R": "/traces/traceByMode/SOLUTION/trace/3/moinsUn/moinsUn"
            },
            "carte": null,
            "nombreOr": 0.0,
            "reponse": 0
          },
          {
            "_C": "Fibonacci",
            "n": 5,
            "moinsUn": {
              "_C": "MonFibonacci",
              "n": 4,
              "moinsUn": {
                "_C": "MonFibonacci",
                "n": 3,
                "moinsUn": {
                  "_C": "MonFibonacci",
                  "n": 2,
                  "moinsUn": {
                    "_C": "MonFibonacci",
                    "n": 0,
                    "moinsUn": null,
                    "moinsDeux": null,
                    "carte": null,
                    "nombreOr": 0.0,
                    "reponse": 0
                  },
                  "moinsDeux": null,
                  "carte": null,
                  "nombreOr": 0.0,
                  "reponse": 0
                },
                "moinsDeux": {
                  "_R": "/traces/traceByMode/SOLUTION/trace/4/moinsUn/moinsUn/moinsUn/moinsUn"
                },
                "carte": null,
                "nombreOr": 0.0,
                "reponse": 0
              },
              "moinsDeux": {
                "_R": "/traces/traceByMode/SOLUTION/trace/4/moinsUn/moinsUn/moinsUn"
              },
              "carte": null,
              "nombreOr": 0.0,
              "reponse": 0
            },
            "moinsDeux": {
              "_R": "/traces/traceByMode/SOLUTION/trace/4/moinsUn/moinsUn"
            },
            "carte": null,
            "nombreOr": 0.0,
            "reponse": 0
          },
          {
            "_C": "Fibonacci",
            "n": 5,
            "moinsUn": {
              "_C": "MonFibonacci",
              "n": 4,
              "moinsUn": {
                "_C": "MonFibonacci",
                "n": 3,
                "moinsUn": {
                  "_C": "MonFibonacci",
                  "n": 2,
                  "moinsUn": {
                    "_C": "MonFibonacci",
                    "n": 1,
                    "moinsUn": {
                      "_C": "MonFibonacci",
                      "n": 0,
                      "moinsUn": null,
                      "moinsDeux": null,
                      "carte": null,
                      "nombreOr": 0.0,
                      "reponse": 0
                    },
                    "moinsDeux": null,
                    "carte": null,
                    "nombreOr": 0.0,
                    "reponse": 0
                  },
                  "moinsDeux": {
                    "_R": "/traces/traceByMode/SOLUTION/trace/5/moinsUn/moinsUn/moinsUn/moinsUn/moinsUn"
                  },
                  "carte": null,
                  "nombreOr": 0.0,
                  "reponse": 0
                },
                "moinsDeux": {
                  "_R": "/traces/traceByMode/SOLUTION/trace/5/moinsUn/moinsUn/moinsUn/moinsUn"
                },
                "carte": null,
                "nombreOr": 0.0,
                "reponse": 0
              },
              "moinsDeux": {
                "_R": "/traces/traceByMode/SOLUTION/trace/5/moinsUn/moinsUn/moinsUn"
              },
              "carte": null,
              "nombreOr": 0.0,
              "reponse": 0
            },
            "moinsDeux": {
              "_R": "/traces/traceByMode/SOLUTION/trace/5/moinsUn/moinsUn"
            },
            "carte": null,
            "nombreOr": 0.0,
            "reponse": 0
          },
          {
            "_C": "Fibonacci",
            "n": 5,
            "moinsUn": {
              "_C": "MonFibonacci",
              "n": 4,
              "moinsUn": {
                "_C": "MonFibonacci",
                "n": 3,
                "moinsUn": {
                  "_C": "MonFibonacci",
                  "n": 2,
                  "moinsUn": {
                    "_C": "MonFibonacci",
                    "n": 1,
                    "moinsUn": {
                      "_C": "MonFibonacci",
                      "n": 0,
                      "moinsUn": null,
                      "moinsDeux": null,
                      "carte": {
                        "_C": "Carte",
                        "numero": 0,
                        "sorte": "COEUR"
                      },
                      "nombreOr": 0.0,
                      "reponse": 0
                    },
                    "moinsDeux": null,
                    "carte": null,
                    "nombreOr": 0.0,
                    "reponse": 0
                  },
                  "moinsDeux": {
                    "_R": "/traces/traceByMode/SOLUTION/trace/6/moinsUn/moinsUn/moinsUn/moinsUn/moinsUn"
                  },
                  "carte": null,
                  "nombreOr": 0.0,
                  "reponse": 0
                },
                "moinsDeux": {
                  "_R": "/traces/traceByMode/SOLUTION/trace/6/moinsUn/moinsUn/moinsUn/moinsUn"
                },
                "carte": null,
                "nombreOr": 0.0,
                "reponse": 0
              },
              "moinsDeux": {
                "_R": "/traces/traceByMode/SOLUTION/trace/6/moinsUn/moinsUn/moinsUn"
              },
              "carte": null,
              "nombreOr": 0.0,
              "reponse": 0
            },
            "moinsDeux": {
              "_R": "/traces/traceByMode/SOLUTION/trace/6/moinsUn/moinsUn"
            },
            "carte": null,
            "nombreOr": 0.0,
            "reponse": 0
          },
          {
            "_C": "Fibonacci",
            "n": 5,
            "moinsUn": {
              "_C": "MonFibonacci",
              "n": 4,
              "moinsUn": {
                "_C": "MonFibonacci",
                "n": 3,
                "moinsUn": {
                  "_C": "MonFibonacci",
                  "n": 2,
                  "moinsUn": {
                    "_C": "MonFibonacci",
                    "n": 1,
                    "moinsUn": {
                      "_C": "MonFibonacci",
                      "n": 0,
                      "moinsUn": null,
                      "moinsDeux": null,
                      "carte": {
                        "_R": "/traces/traceByMode/SOLUTION/trace/6/moinsUn/moinsUn/moinsUn/moinsUn/moinsUn/carte"
                      },
                      "nombreOr": 0.0,
                      "reponse": 0
                    },
                    "moinsDeux": null,
                    "carte": {
                      "_C": "Carte",
                      "numero": 1,
                      "sorte": "COEUR"
                    },
                    "nombreOr": 0.0,
                    "reponse": 1
                  },
                  "moinsDeux": {
                    "_R": "/traces/traceByMode/SOLUTION/trace/7/moinsUn/moinsUn/moinsUn/moinsUn/moinsUn"
                  },
                  "carte": null,
                  "nombreOr": 0.0,
                  "reponse": 0
                },
                "moinsDeux": {
                  "_R": "/traces/traceByMode/SOLUTION/trace/7/moinsUn/moinsUn/moinsUn/moinsUn"
                },
                "carte": null,
                "nombreOr": 0.0,
                "reponse": 0
              },
              "moinsDeux": {
                "_R": "/traces/traceByMode/SOLUTION/trace/7/moinsUn/moinsUn/moinsUn"
              },
              "carte": null,
              "nombreOr": 0.0,
              "reponse": 0
            },
            "moinsDeux": {
              "_R": "/traces/traceByMode/SOLUTION/trace/7/moinsUn/moinsUn"
            },
            "carte": null,
            "nombreOr": 0.0,
            "reponse": 0
          },
          {
            "_C": "Fibonacci",
            "n": 5,
            "moinsUn": {
              "_C": "MonFibonacci",
              "n": 4,
              "moinsUn": {
                "_C": "MonFibonacci",
                "n": 3,
                "moinsUn": {
                  "_C": "MonFibonacci",
                  "n": 2,
                  "moinsUn": {
                    "_C": "MonFibonacci",
                    "n": 1,
                    "moinsUn": {
                      "_C": "MonFibonacci",
                      "n": 0,
                      "moinsUn": null,
                      "moinsDeux": null,
                      "carte": {
                        "_R": "/traces/traceByMode/SOLUTION/trace/6/moinsUn/moinsUn/moinsUn/moinsUn/moinsUn/carte"
                      },
                      "nombreOr": 0.0,
                      "reponse": 0
                    },
                    "moinsDeux": null,
                    "carte": {
                      "_R": "/traces/traceByMode/SOLUTION/trace/7/moinsUn/moinsUn/moinsUn/moinsUn/carte"
                    },
                    "nombreOr": 0.0,
                    "reponse": 1
                  },
                  "moinsDeux": {
                    "_R": "/traces/traceByMode/SOLUTION/trace/8/moinsUn/moinsUn/moinsUn/moinsUn/moinsUn"
                  },
                  "carte": {
                    "_C": "Carte",
                    "numero": 1,
                    "sorte": "COEUR"
                  },
                  "nombreOr": 1.0,
                  "reponse": 1
                },
                "moinsDeux": {
                  "_R": "/traces/traceByMode/SOLUTION/trace/8/moinsUn/moinsUn/moinsUn/moinsUn"
                },
                "carte": null,
                "nombreOr": 0.0,
                "reponse": 0
              },
              "moinsDeux": {
                "_R": "/traces/traceByMode/SOLUTION/trace/8/moinsUn/moinsUn/moinsUn"
              },
              "carte": null,
              "nombreOr": 0.0,
              "reponse": 0
            },
            "moinsDeux": {
              "_R": "/traces/traceByMode/SOLUTION/trace/8/moinsUn/moinsUn"
            },
            "carte": null,
            "nombreOr": 0.0,
            "reponse": 0
          },
          {
            "_C": "Fibonacci",
            "n": 5,
            "moinsUn": {
              "_C": "MonFibonacci",
              "n": 4,
              "moinsUn": {
                "_C": "MonFibonacci",
                "n": 3,
                "moinsUn": {
                  "_C": "MonFibonacci",
                  "n": 2,
                  "moinsUn": {
                    "_C": "MonFibonacci",
                    "n": 1,
                    "moinsUn": {
                      "_C": "MonFibonacci",
                      "n": 0,
                      "moinsUn": null,
                      "moinsDeux": null,
                      "carte": {
                        "_R": "/traces/traceByMode/SOLUTION/trace/6/moinsUn/moinsUn/moinsUn/moinsUn/moinsUn/carte"
                      },
                      "nombreOr": 0.0,
                      "reponse": 0
                    },
                    "moinsDeux": null,
                    "carte": {
                      "_R": "/traces/traceByMode/SOLUTION/trace/7/moinsUn/moinsUn/moinsUn/moinsUn/carte"
                    },
                    "nombreOr": 0.0,
                    "reponse": 1
                  },
                  "moinsDeux": {
                    "_R": "/traces/traceByMode/SOLUTION/trace/9/moinsUn/moinsUn/moinsUn/moinsUn/moinsUn"
                  },
                  "carte": {
                    "_R": "/traces/traceByMode/SOLUTION/trace/8/moinsUn/moinsUn/moinsUn/carte"
                  },
                  "nombreOr": 1.0,
                  "reponse": 1
                },
                "moinsDeux": {
                  "_R": "/traces/traceByMode/SOLUTION/trace/9/moinsUn/moinsUn/moinsUn/moinsUn"
                },
                "carte": {
                  "_C": "Carte",
                  "numero": 2,
                  "sorte": "COEUR"
                },
                "nombreOr": 0.5,
                "reponse": 2
              },
              "moinsDeux": {
                "_R": "/traces/traceByMode/SOLUTION/trace/9/moinsUn/moinsUn/moinsUn"
              },
              "carte": null,
              "nombreOr": 0.0,
              "reponse": 0
            },
            "moinsDeux": {
              "_R": "/traces/traceByMode/SOLUTION/trace/9/moinsUn/moinsUn"
            },
            "carte": null,
            "nombreOr": 0.0,
            "reponse": 0
          },
          {
            "_C": "Fibonacci",
            "n": 5,
            "moinsUn": {
              "_C": "MonFibonacci",
              "n": 4,
              "moinsUn": {
                "_C": "MonFibonacci",
                "n": 3,
                "moinsUn": {
                  "_C": "MonFibonacci",
                  "n": 2,
                  "moinsUn": {
                    "_C": "MonFibonacci",
                    "n": 1,
                    "moinsUn": {
                      "_C": "MonFibonacci",
                      "n": 0,
                      "moinsUn": null,
                      "moinsDeux": null,
                      "carte": {
                        "_R": "/traces/traceByMode/SOLUTION/trace/6/moinsUn/moinsUn/moinsUn/moinsUn/moinsUn/carte"
                      },
                      "nombreOr": 0.0,
                      "reponse": 0
                    },
                    "moinsDeux": null,
                    "carte": {
                      "_R": "/traces/traceByMode/SOLUTION/trace/7/moinsUn/moinsUn/moinsUn/moinsUn/carte"
                    },
                    "nombreOr": 0.0,
                    "reponse": 1
                  },
                  "moinsDeux": {
                    "_R": "/traces/traceByMode/SOLUTION/trace/10/moinsUn/moinsUn/moinsUn/moinsUn/moinsUn"
                  },
                  "carte": {
                    "_R": "/traces/traceByMode/SOLUTION/trace/8/moinsUn/moinsUn/moinsUn/carte"
                  },
                  "nombreOr": 1.0,
                  "reponse": 1
                },
                "moinsDeux": {
                  "_R": "/traces/traceByMode/SOLUTION/trace/10/moinsUn/moinsUn/moinsUn/moinsUn"
                },
                "carte": {
                  "_R": "/traces/traceByMode/SOLUTION/trace/9/moinsUn/moinsUn/carte"
                },
                "nombreOr": 0.5,
                "reponse": 2
              },
              "moinsDeux": {
                "_R": "/traces/traceByMode/SOLUTION/trace/10/moinsUn/moinsUn/moinsUn"
              },
              "carte": {
                "_C": "Carte",
                "numero": 3,
                "sorte": "COEUR"
              },
              "nombreOr": 0.6666666666666666,
              "reponse": 3
            },
            "moinsDeux": {
              "_R": "/traces/traceByMode/SOLUTION/trace/10/moinsUn/moinsUn"
            },
            "carte": null,
            "nombreOr": 0.0,
            "reponse": 0
          },
          {
            "_C": "Fibonacci",
            "n": 5,
            "moinsUn": {
              "_C": "MonFibonacci",
              "n": 4,
              "moinsUn": {
                "_C": "MonFibonacci",
                "n": 3,
                "moinsUn": {
                  "_C": "MonFibonacci",
                  "n": 2,
                  "moinsUn": {
                    "_C": "MonFibonacci",
                    "n": 1,
                    "moinsUn": {
                      "_C": "MonFibonacci",
                      "n": 0,
                      "moinsUn": null,
                      "moinsDeux": null,
                      "carte": {
                        "_R": "/traces/traceByMode/SOLUTION/trace/6/moinsUn/moinsUn/moinsUn/moinsUn/moinsUn/carte"
                      },
                      "nombreOr": 0.0,
                      "reponse": 0
                    },
                    "moinsDeux": null,
                    "carte": {
                      "_R": "/traces/traceByMode/SOLUTION/trace/7/moinsUn/moinsUn/moinsUn/moinsUn/carte"
                    },
                    "nombreOr": 0.0,
                    "reponse": 1
                  },
                  "moinsDeux": {
                    "_R": "/traces/traceByMode/SOLUTION/trace/11/moinsUn/moinsUn/moinsUn/moinsUn/moinsUn"
                  },
                  "carte": {
                    "_R": "/traces/traceByMode/SOLUTION/trace/8/moinsUn/moinsUn/moinsUn/carte"
                  },
                  "nombreOr": 1.0,
                  "reponse": 1
                },
                "moinsDeux": {
                  "_R": "/traces/traceByMode/SOLUTION/trace/11/moinsUn/moinsUn/moinsUn/moinsUn"
                },
                "carte": {
                  "_R": "/traces/traceByMode/SOLUTION/trace/9/moinsUn/moinsUn/carte"
                },
                "nombreOr": 0.5,
                "reponse": 2
              },
              "moinsDeux": {
                "_R": "/traces/traceByMode/SOLUTION/trace/11/moinsUn/moinsUn/moinsUn"
              },
              "carte": {
                "_R": "/traces/traceByMode/SOLUTION/trace/10/moinsUn/carte"
              },
              "nombreOr": 0.6666666666666666,
              "reponse": 3
            },
            "moinsDeux": {
              "_R": "/traces/traceByMode/SOLUTION/trace/11/moinsUn/moinsUn"
            },
            "carte": {
              "_C": "Carte",
              "numero": 5,
              "sorte": "COEUR"
            },
            "nombreOr": 0.6,
            "reponse": 5
          }
        ],
        "current": 0
      },
      "MANUAL": {
        "_C": "FibonacciExecutionTraceFull",
        "trace": [
          {
            "_C": "Fibonacci",
            "n": 5,
            "moinsUn": null,
            "moinsDeux": null,
            "carte": null,
            "nombreOr": 0.0,
            "reponse": 0
          }
        ],
        "current": 0
      }
    }
  },
  "testCaseId": "ex05",
  "category": "exemples"
}