{
  "_C": "FibonacciTestCase",
  "inputSize": 9,
  "traces": {
    "_C": "ExecutionTraceByMode",
    "traceByMode": {
      "CODE": {
        "_C": "FibonacciExecutionTraceFull",
        "trace": [
          {
            "_C": "Fibonacci",
            "n": 9,
            "moinsUn": null,
            "moinsDeux": null,
            "carte": null,
            "nombreOr": 0.0,
            "reponse": 0
          }
        ],
        "current": 0
      },
      "SOLUTION": {
        "_C": "FibonacciExecutionTraceFull",
        "trace": [
          {
            "_C": "Fibonacci",
            "n": 9,
            "moinsUn": null,
            "moinsDeux": null,
            "carte": null,
            "nombreOr": 0.0,
            "reponse": 0
          },
          {
            "_C": "Fibonacci",
            "n": 9,
            "moinsUn": {
              "_C": "MonFibonacci",
              "n": 0,
              "moinsUn": null,
              "moinsDeux": null,
              "carte": null,
              "nombreOr": 0.0,
              "reponse": 0
            },
            "moinsDeux": null,
            "carte": null,
            "nombreOr": 0.0,
            "reponse": 0
          },
          {
            "_C": "Fibonacci",
            "n": 9,
            "moinsUn": {
              "_C": "MonFibonacci",
              "n": 8,
              "moinsUn": {
                "_C": "MonFibonacci",
                "n": 0,
                "moinsUn": null,
                "moinsDeux": null,
                "carte": null,
                "nombreOr": 0.0,
                "reponse": 0
              },
              "moinsDeux": null,
              "carte": null,
              "nombreOr": 0.0,
              "reponse": 0
            },
            "moinsDeux": {
              "_R": "/traces/traceByMode/SOLUTION/trace/2/moinsUn/moinsUn"
            },
            "carte": null,
            "nombreOr": 0.0,
            "reponse": 0
          },
          {
            "_C": "Fibonacci",
            "n": 9,
            "moinsUn": {
              "_C": "MonFibonacci",
              "n": 8,
              "moinsUn": {
                "_C": "MonFibonacci",
                "n": 7,
                "moinsUn": {
                  "_C": "MonFibonacci",
                  "n": 0,
                  "moinsUn": null,
                  "moinsDeux": null,
                  "carte": null,
                  "nombreOr": 0.0,
                  "reponse": 0
                },
                "moinsDeux": null,
                "carte": null,
                "nombreOr": 0.0,
                "reponse": 0
              },
              "moinsDeux": {
                "_R": "/traces/traceByMode/SOLUTION/trace/3/moinsUn/moinsUn/moinsUn"
              },
              "carte": null,
              "nombreOr": 0.0,
              "reponse": 0
            },
            "moinsDeux": {
              "_R": "/traces/traceByMode/SOLUTION/trace/3/moinsUn/moinsUn"
            },
            "carte": null,
            "nombreOr": 0.0,
            "reponse": 0
          },
          {
            "_C": "Fibonacci",
            "n": 9,
            "moinsUn": {
              "_C": "MonFibonacci",
              "n": 8,
              "moinsUn": {
                "_C": "MonFibonacci",
                "n": 7,
                "moinsUn": {
                  "_C": "MonFibonacci",
                  "n": 6,
                  "moinsUn": {
                    "_C": "MonFibonacci",
                    "n": 0,
                    "moinsUn": null,
                    "moinsDeux": null,
                    "carte": null,
                    "nombreOr": 0.0,
                    "reponse": 0
                  },
                  "moinsDeux": null,
                  "carte": null,
                  "nombreOr": 0.0,
                  "reponse": 0
                },
                "moinsDeux": {
                  "_R": "/traces/traceByMode/SOLUTION/trace/4/moinsUn/moinsUn/moinsUn/moinsUn"
                },
                "carte": null,
                "nombreOr": 0.0,
                "reponse": 0
              },
              "moinsDeux": {
                "_R": "/traces/traceByMode/SOLUTION/trace/4/moinsUn/moinsUn/moinsUn"
              },
              "carte": null,
              "nombreOr": 0.0,
              "reponse": 0
            },
            "moinsDeux": {
              "_R": "/traces/traceByMode/SOLUTION/trace/4/moinsUn/moinsUn"
            },
            "carte": null,
            "nombreOr": 0.0,
            "reponse": 0
          },
          {
            "_C": "Fibonacci",
            "n": 9,
            "moinsUn": {
              "_C": "MonFibonacci",
              "n": 8,
              "moinsUn": {
                "_C": "MonFibonacci",
                "n": 7,
                "moinsUn": {
                  "_C": "MonFibonacci",
                  "n": 6,
                  "moinsUn": {
                    "_C": "MonFibonacci",
                    "n": 5,
                    "moinsUn": {
                      "_C": "MonFibonacci",
                      "n": 0,
                      "moinsUn": null,
                      "moinsDeux": null,
                      "carte": null,
                      "nombreOr": 0.0,
                      "reponse": 0
                    },
                    "moinsDeux": null,
                    "carte": null,
                    "nombreOr": 0.0,
                    "reponse": 0
                  },
                  "moinsDeux": {
                    "_R": "/traces/traceByMode/SOLUTION/trace/5/moinsUn/moinsUn/moinsUn/moinsUn/moinsUn"
                  },
                  "carte": null,
                  "nombreOr": 0.0,
                  "reponse": 0
                },
                "moinsDeux": {
                  "_R": "/traces/traceByMode/SOLUTION/trace/5/moinsUn/moinsUn/moinsUn/moinsUn"
                },
                "carte": null,
                "nombreOr": 0.0,
                "reponse": 0
              },
              "moinsDeux": {
                "_R": "/traces/traceByMode/SOLUTION/trace/5/moinsUn/moinsUn/moinsUn"
              },
              "carte": null,
              "nombreOr": 0.0,
              "reponse": 0
            },
            "moinsDeux": {
              "_R": "/traces/traceByMode/SOLUTION/trace/5/moinsUn/moinsUn"
            },
            "carte": null,
            "nombreOr": 0.0,
            "reponse": 0
          },
          {
            "_C": "Fibonacci",
            "n": 9,
            "moinsUn": {
              "_C": "MonFibonacci",
              "n": 8,
              "moinsUn": {
                "_C": "MonFibonacci",
                "n": 7,
                "moinsUn": {
                  "_C": "MonFibonacci",
                  "n": 6,
                  "moinsUn": {
                    "_C": "MonFibonacci",
                    "n": 5,
                    "moinsUn": {
                      "_C": "MonFibonacci",
                      "n": 4,
                      "moinsUn": {
                        "_C": "MonFibonacci",
                        "n": 0,
                        "moinsUn": null,
                        "moinsDeux": null,
                        "carte": null,
                        "nombreOr": 0.0,
                        "reponse": 0
                      },
                      "moinsDeux": null,
                      "carte": null,
                      "nombreOr": 0.0,
                      "reponse": 0
                    },
                    "moinsDeux": {
                      "_R": "/traces/traceByMode/SOLUTION/trace/6/moinsUn/moinsUn/moinsUn/moinsUn/moinsUn/moinsUn"
                    },
                    "carte": null,
                    "nombreOr": 0.0,
                    "reponse": 0
                  },
                  "moinsDeux": {
                    "_R": "/traces/traceByMode/SOLUTION/trace/6/moinsUn/moinsUn/moinsUn/moinsUn/moinsUn"
                  },
                  "carte": null,
                  "nombreOr": 0.0,
                  "reponse": 0
                },
                "moinsDeux": {
                  "_R": "/traces/traceByMode/SOLUTION/trace/6/moinsUn/moinsUn/moinsUn/moinsUn"
                },
                "carte": null,
                "nombreOr": 0.0,
                "reponse": 0
              },
              "moinsDeux": {
                "_R": "/traces/traceByMode/SOLUTION/trace/6/moinsUn/moinsUn/moinsUn"
              },
              "carte": null,
              "nombreOr": 0.0,
              "reponse": 0
            },
            "moinsDeux": {
              "_R": "/traces/traceByMode/SOLUTION/trace/6/moinsUn/moinsUn"
            },
            "carte": null,
            "nombreOr": 0.0,
            "reponse": 0
          },
          {
            "_C": "Fibonacci",
            "n": 9,
            "moinsUn": {
              "_C": "MonFibonacci",
              "n": 8,
              "moinsUn": {
                "_C": "MonFibonacci",
                "n": 7,
                "moinsUn": {
                  "_C": "MonFibonacci",
                  "n": 6,
                  "moinsUn": {
                    "_C": "MonFibonacci",
                    "n": 5,
                    "moinsUn": {
                      "_C": "MonFibonacci",
                      "n": 4,
                      "moinsUn": {
                        "_C": "MonFibonacci",
                        "n": 3,
                        "moinsUn": {
                          "_C": "MonFibonacci",
                          "n": 0,
                          "moinsUn": null,
                          "moinsDeux": null,
                          "carte": null,
                          "nombreOr": 0.0,
                          "reponse": 0
                        },
                        "moinsDeux": null,
                        "carte": null,
                        "nombreOr": 0.0,
                        "reponse": 0
                      },
                      "moinsDeux": {
                        "_R": "/traces/traceByMode/SOLUTION/trace/7/moinsUn/moinsUn/moinsUn/moinsUn/moinsUn/moinsUn/moinsUn"
                      },
                      "carte": null,
                      "nombreOr": 0.0,
                      "reponse": 0
                    },
                    "moinsDeux": {
                      "_R": "/traces/traceByMode/SOLUTION/trace/7/moinsUn/moinsUn/moinsUn/moinsUn/moinsUn/moinsUn"
                    },
                    "carte": null,
                    "nombreOr": 0.0,
                    "reponse": 0
                  },
                  "moinsDeux": {
                    "_R": "/traces/traceByMode/SOLUTION/trace/7/moinsUn/moinsUn/moinsUn/moinsUn/moinsUn"
                  },
                  "carte": null,
                  "nombreOr": 0.0,
                  "reponse": 0
                },
                "moinsDeux": {
                  "_R": "/traces/traceByMode/SOLUTION/trace/7/moinsUn/moinsUn/moinsUn/moinsUn"
                },
                "carte": null,
                "nombreOr": 0.0,
                "reponse": 0
              },
              "moinsDeux": {
                "_R": "/traces/traceByMode/SOLUTION/trace/7/moinsUn/moinsUn/moinsUn"
              },
              "carte": null,
              "nombreOr": 0.0,
              "reponse": 0
            },
            "moinsDeux": {
              "_R": "/traces/traceByMode/SOLUTION/trace/7/moinsUn/moinsUn"
            },
            "carte": null,
            "nombreOr": 0.0,
            "reponse": 0
          },
          {
            "_C": "Fibonacci",
            "n": 9,
            "moinsUn": {
              "_C": "MonFibonacci",
              "n": 8,
              "moinsUn": {
                "_C": "MonFibonacci",
                "n": 7,
                "moinsUn": {
                  "_C": "MonFibonacci",
                  "n": 6,
                  "moinsUn": {
                    "_C": "MonFibonacci",
                    "n": 5,
                    "moinsUn": {
                      "_C": "MonFibonacci",
                      "n": 4,
                      "moinsUn": {
                        "_C": "MonFibonacci",
                        "n": 3,
                        "moinsUn": {
                          "_C": "MonFibonacci",
                          "n": 2,
                          "moinsUn": {
                            "_C": "MonFibonacci",
                            "n": 0,
                            "moinsUn": null,
                            "moinsDeux": null,
                            "carte": null,
                            "nombreOr": 0.0,
                            "reponse": 0
                          },
                          "moinsDeux": null,
                          "carte": null,
                          "nombreOr": 0.0,
                          "reponse": 0
                        },
                        "moinsDeux": {
                          "_R": "/traces/traceByMode/SOLUTION/trace/8/moinsUn/moinsUn/moinsUn/moinsUn/moinsUn/moinsUn/moinsUn/moinsUn"
                        },
                        "carte": null,
                        "nombreOr": 0.0,
                        "reponse": 0
                      },
                      "moinsDeux": {
                        "_R": "/traces/traceByMode/SOLUTION/trace/8/moinsUn/moinsUn/moinsUn/moinsUn/moinsUn/moinsUn/moinsUn"
                      },
                      "carte": null,
                      "nombreOr": 0.0,
                      "reponse": 0
                    },
                    "moinsDeux": {
                      "_R": "/traces/traceByMode/SOLUTION/trace/8/moinsUn/moinsUn/moinsUn/moinsUn/moinsUn/moinsUn"
                    },
                    "carte": null,
                    "nombreOr": 0.0,
                    "reponse": 0
                  },
                  "moinsDeux": {
                    "_R": "/traces/traceByMode/SOLUTION/trace/8/moinsUn/moinsUn/moinsUn/moinsUn/moinsUn"
                  },
                  "carte": null,
                  "nombreOr": 0.0,
                  "reponse": 0
                },
                "moinsDeux": {
                  "_R": "/traces/traceByMode/SOLUTION/trace/8/moinsUn/moinsUn/moinsUn/moinsUn"
                },
                "carte": null,
                "nombreOr": 0.0,
                "reponse": 0
              },
              "moinsDeux": {
                "_R": "/traces/traceByMode/SOLUTION/trace/8/moinsUn/moinsUn/moinsUn"
              },
              "carte": null,
              "nombreOr": 0.0,
              "reponse": 0
            },
            "moinsDeux": {
              "_R": "/traces/traceByMode/SOLUTION/trace/8/moinsUn/moinsUn"
            },
            "carte": null,
            "nombreOr": 0.0,
            "reponse": 0
          },
          {
            "_C": "Fibonacci",
            "n": 9,
            "moinsUn": {
              "_C": "MonFibonacci",
              "n": 8,
              "moinsUn": {
                "_C": "MonFibonacci",
                "n": 7,
                "moinsUn": {
                  "_C": "MonFibonacci",
                  "n": 6,
                  "moinsUn": {
                    "_C": "MonFibonacci",
                    "n": 5,
                    "moinsUn": {
                      "_C": "MonFibonacci",
                      "n": 4,
                      "moinsUn": {
                        "_C": "MonFibonacci",
                        "n": 3,
                        "moinsUn": {
                          "_C": "MonFibonacci",
                          "n": 2,
                          "moinsUn": {
                            "_C": "MonFibonacci",
                            "n": 1,
                            "moinsUn": {
                              "_C": "MonFibonacci",
                              "n": 0,
                              "moinsUn": null,
                              "moinsDeux": null,
                              "carte": null,
                              "nombreOr": 0.0,
                              "reponse": 0
                            },
                            "moinsDeux": null,
                            "carte": null,
                            "nombreOr": 0.0,
                            "reponse": 0
                          },
                          "moinsDeux": {
                            "_R": "/traces/traceByMode/SOLUTION/trace/9/moinsUn/moinsUn/moinsUn/moinsUn/moinsUn/moinsUn/moinsUn/moinsUn/moinsUn"
                          },
                          "carte": null,
                          "nombreOr": 0.0,
                          "reponse": 0
                        },
                        "moinsDeux": {
                          "_R": "/traces/traceByMode/SOLUTION/trace/9/moinsUn/moinsUn/moinsUn/moinsUn/moinsUn/moinsUn/moinsUn/moinsUn"
                        },
                        "carte": null,
                        "nombreOr": 0.0,
                        "reponse": 0
                      },
                      "moinsDeux": {
                        "_R": "/traces/traceByMode/SOLUTION/trace/9/moinsUn/moinsUn/moinsUn/moinsUn/moinsUn/moinsUn/moinsUn"
                      },
                      "carte": null,
                      "nombreOr": 0.0,
                      "reponse": 0
                    },
                    "moinsDeux": {
                      "_R": "/traces/traceByMode/SOLUTION/trace/9/moinsUn/moinsUn/moinsUn/moinsUn/moinsUn/moinsUn"
                    },
                    "carte": null,
                    "nombreOr": 0.0,
                    "reponse": 0
                  },
                  "moinsDeux": {
                    "_R": "/traces/traceByMode/SOLUTION/trace/9/moinsUn/moinsUn/moinsUn/moinsUn/moinsUn"
                  },
                  "carte": null,
                  "nombreOr": 0.0,
                  "reponse": 0
                },
                "moinsDeux": {
                  "_R": "/traces/traceByMode/SOLUTION/trace/9/moinsUn/moinsUn/moinsUn/moinsUn"
                },
                "carte": null,
                "nombreOr": 0.0,
                "reponse": 0
              },
              "moinsDeux": {
                "_R": "/traces/traceByMode/SOLUTION/trace/9/moinsUn/moinsUn/moinsUn"
              },
              "carte": null,
              "nombreOr": 0.0,
              "reponse": 0
            },
            "moinsDeux": {
              "_R": "/traces/traceByMode/SOLUTION/trace/9/moinsUn/moinsUn"
            },
            "carte": null,
            "nombreOr": 0.0,
            "reponse": 0
          },
          {
            "_C": "Fibonacci",
            "n": 9,
            "moinsUn": {
              "_C": "MonFibonacci",
              "n": 8,
              "moinsUn": {
                "_C": "MonFibonacci",
                "n": 7,
                "moinsUn": {
                  "_C": "MonFibonacci",
                  "n": 6,
                  "moinsUn": {
                    "_C": "MonFibonacci",
                    "n": 5,
                    "moinsUn": {
                      "_C": "MonFibonacci",
                      "n": 4,
                      "moinsUn": {
                        "_C": "MonFibonacci",
                        "n": 3,
                        "moinsUn": {
                          "_C": "MonFibonacci",
                          "n": 2,
                          "moinsUn": {
                            "_C": "MonFibonacci",
                            "n": 1,
                            "moinsUn": {
                              "_C": "MonFibonacci",
                              "n": 0,
                              "moinsUn": null,
                              "moinsDeux": null,
                              "carte": {
                                "_C": "Carte",
                                "numero": 0,
                                "sorte": "COEUR"
                              },
                              "nombreOr": 0.0,
                              "reponse": 0
                            },
                            "moinsDeux": null,
                            "carte": null,
                            "nombreOr": 0.0,
                            "reponse": 0
                          },
                          "moinsDeux": {
                            "_R": "/traces/traceByMode/SOLUTION/trace/10/moinsUn/moinsUn/moinsUn/moinsUn/moinsUn/moinsUn/moinsUn/moinsUn/moinsUn"
                          },
                          "carte": null,
                          "nombreOr": 0.0,
                          "reponse": 0
                        },
                        "moinsDeux": {
                          "_R": "/traces/traceByMode/SOLUTION/trace/10/moinsUn/moinsUn/moinsUn/moinsUn/moinsUn/moinsUn/moinsUn/moinsUn"
                        },
                        "carte": null,
                        "nombreOr": 0.0,
                        "reponse": 0
                      },
                      "moinsDeux": {
                        "_R": "/traces/traceByMode/SOLUTION/trace/10/moinsUn/moinsUn/moinsUn/moinsUn/moinsUn/moinsUn/moinsUn"
                      },
                      "carte": null,
                      "nombreOr": 0.0,
                      "reponse": 0
                    },
                    "moinsDeux": {
                      "_R": "/traces/traceByMode/SOLUTION/trace/10/moinsUn/moinsUn/moinsUn/moinsUn/moinsUn/moinsUn"
                    },
                    "carte": null,
                    "nombreOr": 0.0,
                    "reponse": 0
                  },
                  "moinsDeux": {
                    "_R": "/traces/traceByMode/SOLUTION/trace/10/moinsUn/moinsUn/moinsUn/moinsUn/moinsUn"
                  },
                  "carte": null,
                  "nombreOr": 0.0,
                  "reponse": 0
                },
                "moinsDeux": {
                  "_R": "/traces/traceByMode/SOLUTION/trace/10/moinsUn/moinsUn/moinsUn/moinsUn"
                },
                "carte": null,
                "nombreOr": 0.0,
                "reponse": 0
              },
              "moinsDeux": {
                "_R": "/traces/traceByMode/SOLUTION/trace/10/moinsUn/moinsUn/moinsUn"
              },
              "carte": null,
              "nombreOr": 0.0,
              "reponse": 0
            },
            "moinsDeux": {
              "_R": "/traces/traceByMode/SOLUTION/trace/10/moinsUn/moinsUn"
            },
            "carte": null,
            "nombreOr": 0.0,
            "reponse": 0
          },
          {
            "_C": "Fibonacci",
            "n": 9,
            "moinsUn": {
              "_C": "MonFibonacci",
              "n": 8,
              "moinsUn": {
                "_C": "MonFibonacci",
                "n": 7,
                "moinsUn": {
                  "_C": "MonFibonacci",
                  "n": 6,
                  "moinsUn": {
                    "_C": "MonFibonacci",
                    "n": 5,
                    "moinsUn": {
                      "_C": "MonFibonacci",
                      "n": 4,
                      "moinsUn": {
                        "_C": "MonFibonacci",
                        "n": 3,
                        "moinsUn": {
                          "_C": "MonFibonacci",
                          "n": 2,
                          "moinsUn": {
                            "_C": "MonFibonacci",
                            "n": 1,
                            "moinsUn": {
                              "_C": "MonFibonacci",
                              "n": 0,
                              "moinsUn": null,
                              "moinsDeux": null,
                              "carte": {
                                "_R": "/traces/traceByMode/SOLUTION/trace/10/moinsUn/moinsUn/moinsUn/moinsUn/moinsUn/moinsUn/moinsUn/moinsUn/moinsUn/carte"
                              },
                              "nombreOr": 0.0,
                              "reponse": 0
                            },
                            "moinsDeux": null,
                            "carte": {
                              "_C": "Carte",
                              "numero": 1,
                              "sorte": "COEUR"
                            },
                            "nombreOr": 0.0,
                            "reponse": 1
                          },
                          "moinsDeux": {
                            "_R": "/traces/traceByMode/SOLUTION/trace/11/moinsUn/moinsUn/moinsUn/moinsUn/moinsUn/moinsUn/moinsUn/moinsUn/moinsUn"
                          },
                          "carte": null,
                          "nombreOr": 0.0,
                          "reponse": 0
                        },
                        "moinsDeux": {
                          "_R": "/traces/traceByMode/SOLUTION/trace/11/moinsUn/moinsUn/moinsUn/moinsUn/moinsUn/moinsUn/moinsUn/moinsUn"
                        },
                        "carte": null,
                        "nombreOr": 0.0,
                        "reponse": 0
                      },
                      "moinsDeux": {
                        "_R": "/traces/traceByMode/SOLUTION/trace/11/moinsUn/moinsUn/moinsUn/moinsUn/moinsUn/moinsUn/moinsUn"
                      },
                      "carte": null,
                      "nombreOr": 0.0,
                      "reponse": 0
                    },
                    "moinsDeux": {
                      "_R": "/traces/traceByMode/SOLUTION/trace/11/moinsUn/moinsUn/moinsUn/moinsUn/moinsUn/moinsUn"
                    },
                    "carte": null,
                    "nombreOr": 0.0,
                    "reponse": 0
                  },
                  "moinsDeux": {
                    "_R": "/traces/traceByMode/SOLUTION/trace/11/moinsUn/moinsUn/moinsUn/moinsUn/moinsUn"
                  },
                  "carte": null,
                  "nombreOr": 0.0,
                  "reponse": 0
                },
                "moinsDeux": {
                  "_R": "/traces/traceByMode/SOLUTION/trace/11/moinsUn/moinsUn/moinsUn/moinsUn"
                },
                "carte": null,
                "nombreOr": 0.0,
                "reponse": 0
              },
              "moinsDeux": {
                "_R": "/traces/traceByMode/SOLUTION/trace/11/moinsUn/moinsUn/moinsUn"
              },
              "carte": null,
              "nombreOr": 0.0,
              "reponse": 0
            },
            "moinsDeux": {
              "_R": "/traces/traceByMode/SOLUTION/trace/11/moinsUn/moinsUn"
            },
            "carte": null,
            "nombreOr": 0.0,
            "reponse": 0
          },
          {
            "_C": "Fibonacci",
            "n": 9,
            "moinsUn": {
              "_C": "MonFibonacci",
              "n": 8,
              "moinsUn": {
                "_C": "MonFibonacci",
                "n": 7,
                "moinsUn": {
                  "_C": "MonFibonacci",
                  "n": 6,
                  "moinsUn": {
                    "_C": "MonFibonacci",
                    "n": 5,
                    "moinsUn": {
                      "_C": "MonFibonacci",
                      "n": 4,
                      "moinsUn": {
                        "_C": "MonFibonacci",
                        "n": 3,
                        "moinsUn": {
                          "_C": "MonFibonacci",
                          "n": 2,
                          "moinsUn": {
                            "_C": "MonFibonacci",
                            "n": 1,
                            "moinsUn": {
                              "_C": "MonFibonacci",
                              "n": 0,
                              "moinsUn": null,
                              "moinsDeux": null,
                              "carte": {
                                "_R": "/traces/traceByMode/SOLUTION/trace/10/moinsUn/moinsUn/moinsUn/moinsUn/moinsUn/moinsUn/moinsUn/moinsUn/moinsUn/carte"
                              },
                              "nombreOr": 0.0,
                              "reponse": 0
                            },
                            "moinsDeux": null,
                            "carte": {
                              "_R": "/traces/traceByMode/SOLUTION/trace/11/moinsUn/moinsUn/moinsUn/moinsUn/moinsUn/moinsUn/moinsUn/moinsUn/carte"
                            },
                            "nombreOr": 0.0,
                            "reponse": 1
                          },
                          "moinsDeux": {
                            "_R": "/traces/traceByMode/SOLUTION/trace/12/moinsUn/moinsUn/moinsUn/moinsUn/moinsUn/moinsUn/moinsUn/moinsUn/moinsUn"
                          },
                          "carte": {
                            "_C": "Carte",
                            "numero": 1,
                            "sorte": "COEUR"
                          },
                          "nombreOr": 1.0,
                          "reponse": 1
                        },
                        "moinsDeux": {
                          "_R": "/traces/traceByMode/SOLUTION/trace/12/moinsUn/moinsUn/moinsUn/moinsUn/moinsUn/moinsUn/moinsUn/moinsUn"
                        },
                        "carte": null,
                        "nombreOr": 0.0,
                        "reponse": 0
                      },
                      "moinsDeux": {
                        "_R": "/traces/traceByMode/SOLUTION/trace/12/moinsUn/moinsUn/moinsUn/moinsUn/moinsUn/moinsUn/moinsUn"
                      },
                      "carte": null,
                      "nombreOr": 0.0,
                      "reponse": 0
                    },
                    "moinsDeux": {
                      "_R": "/traces/traceByMode/SOLUTION/trace/12/moinsUn/moinsUn/moinsUn/moinsUn/moinsUn/moinsUn"
                    },
                    "carte": null,
                    "nombreOr": 0.0,
                    "reponse": 0
                  },
                  "moinsDeux": {
                    "_R": "/traces/traceByMode/SOLUTION/trace/12/moinsUn/moinsUn/moinsUn/moinsUn/moinsUn"
                  },
                  "carte": null,
                  "nombreOr": 0.0,
                  "reponse": 0
                },
                "moinsDeux": {
                  "_R": "/traces/traceByMode/SOLUTION/trace/12/moinsUn/moinsUn/moinsUn/moinsUn"
                },
                "carte": null,
                "nombreOr": 0.0,
                "reponse": 0
              },
              "moinsDeux": {
                "_R": "/traces/traceByMode/SOLUTION/trace/12/moinsUn/moinsUn/moinsUn"
              },
              "carte": null,
              "nombreOr": 0.0,
              "reponse": 0
            },
            "moinsDeux": {
              "_R": "/traces/traceByMode/SOLUTION/trace/12/moinsUn/moinsUn"
            },
            "carte": null,
            "nombreOr": 0.0,
            "reponse": 0
          },
          {
            "_C": "Fibonacci",
            "n": 9,
            "moinsUn": {
              "_C": "MonFibonacci",
              "n": 8,
              "moinsUn": {
                "_C": "MonFibonacci",
                "n": 7,
                "moinsUn": {
                  "_C": "MonFibonacci",
                  "n": 6,
                  "moinsUn": {
                    "_C": "MonFibonacci",
                    "n": 5,
                    "moinsUn": {
                      "_C": "MonFibonacci",
                      "n": 4,
                      "moinsUn": {
                        "_C": "MonFibonacci",
                        "n": 3,
                        "moinsUn": {
                          "_C": "MonFibonacci",
                          "n": 2,
                          "moinsUn": {
                            "_C": "MonFibonacci",
                            "n": 1,
                            "moinsUn": {
                              "_C": "MonFibonacci",
                              "n": 0,
                              "moinsUn": null,
                              "moinsDeux": null,
                              "carte": {
                                "_R": "/traces/traceByMode/SOLUTION/trace/10/moinsUn/moinsUn/moinsUn/moinsUn/moinsUn/moinsUn/moinsUn/moinsUn/moinsUn/carte"
                              },
                              "nombreOr": 0.0,
                              "reponse": 0
                            },
                            "moinsDeux": null,
                            "carte": {
                              "_R": "/traces/traceByMode/SOLUTION/trace/11/moinsUn/moinsUn/moinsUn/moinsUn/moinsUn/moinsUn/moinsUn/moinsUn/carte"
                            },
                            "nombreOr": 0.0,
                            "reponse": 1
                          },
                          "moinsDeux": {
                            "_R": "/traces/traceByMode/SOLUTION/trace/13/moinsUn/moinsUn/moinsUn/moinsUn/moinsUn/moinsUn/moinsUn/moinsUn/moinsUn"
                          },
                          "carte": {
                            "_R": "/traces/traceByMode/SOLUTION/trace/12/moinsUn/moinsUn/moinsUn/moinsUn/moinsUn/moinsUn/moinsUn/carte"
                          },
                          "nombreOr": 1.0,
                          "reponse": 1
                        },
                        "moinsDeux": {
                          "_R": "/traces/traceByMode/SOLUTION/trace/13/moinsUn/moinsUn/moinsUn/moinsUn/moinsUn/moinsUn/moinsUn/moinsUn"
                        },
                        "carte": {
                          "_C": "Carte",
                          "numero": 2,
                          "sorte": "COEUR"
                        },
                        "nombreOr": 0.5,
                        "reponse": 2
                      },
                      "moinsDeux": {
                        "_R": "/traces/traceByMode/SOLUTION/trace/13/moinsUn/moinsUn/moinsUn/moinsUn/moinsUn/moinsUn/moinsUn"
                      },
                      "carte": null,
                      "nombreOr": 0.0,
                      "reponse": 0
                    },
                    "moinsDeux": {
                      "_R": "/traces/traceByMode/SOLUTION/trace/13/moinsUn/moinsUn/moinsUn/moinsUn/moinsUn/moinsUn"
                    },
                    "carte": null,
                    "nombreOr": 0.0,
                    "reponse": 0
                  },
                  "moinsDeux": {
                    "_R": "/traces/traceByMode/SOLUTION/trace/13/moinsUn/moinsUn/moinsUn/moinsUn/moinsUn"
                  },
                  "carte": null,
                  "nombreOr": 0.0,
                  "reponse": 0
                },
                "moinsDeux": {
                  "_R": "/traces/traceByMode/SOLUTION/trace/13/moinsUn/moinsUn/moinsUn/moinsUn"
                },
                "carte": null,
                "nombreOr": 0.0,
                "reponse": 0
              },
              "moinsDeux": {
                "_R": "/traces/traceByMode/SOLUTION/trace/13/moinsUn/moinsUn/moinsUn"
              },
              "carte": null,
              "nombreOr": 0.0,
              "reponse": 0
            },
            "moinsDeux": {
              "_R": "/traces/traceByMode/SOLUTION/trace/13/moinsUn/moinsUn"
            },
            "carte": null,
            "nombreOr": 0.0,
            "reponse": 0
          },
          {
            "_C": "Fibonacci",
            "n": 9,
            "moinsUn": {
              "_C": "MonFibonacci",
              "n": 8,
              "moinsUn": {
                "_C": "MonFibonacci",
                "n": 7,
                "moinsUn": {
                  "_C": "MonFibonacci",
                  "n": 6,
                  "moinsUn": {
                    "_C": "MonFibonacci",
                    "n": 5,
                    "moinsUn": {
                      "_C": "MonFibonacci",
                      "n": 4,
                      "moinsUn": {
                        "_C": "MonFibonacci",
                        "n": 3,
                        "moinsUn": {
                          "_C": "MonFibonacci",
                          "n": 2,
                          "moinsUn": {
                            "_C": "MonFibonacci",
                            "n": 1,
                            "moinsUn": {
                              "_C": "MonFibonacci",
                              "n": 0,
                              "moinsUn": null,
                              "moinsDeux": null,
                              "carte": {
                                "_R": "/traces/traceByMode/SOLUTION/trace/10/moinsUn/moinsUn/moinsUn/moinsUn/moinsUn/moinsUn/moinsUn/moinsUn/moinsUn/carte"
                              },
                              "nombreOr": 0.0,
                              "reponse": 0
                            },
                            "moinsDeux": null,
                            "carte": {
                              "_R": "/traces/traceByMode/SOLUTION/trace/11/moinsUn/moinsUn/moinsUn/moinsUn/moinsUn/moinsUn/moinsUn/moinsUn/carte"
                            },
                            "nombreOr": 0.0,
                            "reponse": 1
                          },
                          "moinsDeux": {
                            "_R": "/traces/traceByMode/SOLUTION/trace/14/moinsUn/moinsUn/moinsUn/moinsUn/moinsUn/moinsUn/moinsUn/moinsUn/moinsUn"
                          },
                          "carte": {
                            "_R": "/traces/traceByMode/SOLUTION/trace/12/moinsUn/moinsUn/moinsUn/moinsUn/moinsUn/moinsUn/moinsUn/carte"
                          },
                          "nombreOr": 1.0,
                          "reponse": 1
                        },
                        "moinsDeux": {
                          "_R": "/traces/traceByMode/SOLUTION/trace/14/moinsUn/moinsUn/moinsUn/moinsUn/moinsUn/moinsUn/moinsUn/moinsUn"
                        },
                        "carte": {
                          "_R": "/traces/traceByMode/SOLUTION/trace/13/moinsUn/moinsUn/moinsUn/moinsUn/moinsUn/moinsUn/carte"
                        },
                        "nombreOr": 0.5,
                        "reponse": 2
                      },
                      "moinsDeux": {
                        "_R": "/traces/traceByMode/SOLUTION/trace/14/moinsUn/moinsUn/moinsUn/moinsUn/moinsUn/moinsUn/moinsUn"
                      },
                      "carte": {
                        "_C": "Carte",
                        "numero": 3,
                        "sorte": "COEUR"
                      },
                      "nombreOr": 0.6666666666666666,
                      "reponse": 3
                    },
                    "moinsDeux": {
                      "_R": "/traces/traceByMode/SOLUTION/trace/14/moinsUn/moinsUn/moinsUn/moinsUn/moinsUn/moinsUn"
                    },
                    "carte": null,
                    "nombreOr": 0.0,
                    "reponse": 0
                  },
                  "moinsDeux": {
                    "_R": "/traces/traceByMode/SOLUTION/trace/14/moinsUn/moinsUn/moinsUn/moinsUn/moinsUn"
                  },
                  "carte": null,
                  "nombreOr": 0.0,
                  "reponse": 0
                },
                "moinsDeux": {
                  "_R": "/traces/traceByMode/SOLUTION/trace/14/moinsUn/moinsUn/moinsUn/moinsUn"
                },
                "carte": null,
                "nombreOr": 0.0,
                "reponse": 0
              },
              "moinsDeux": {
                "_R": "/traces/traceByMode/SOLUTION/trace/14/moinsUn/moinsUn/moinsUn"
              },
              "carte": null,
              "nombreOr": 0.0,
              "reponse": 0
            },
            "moinsDeux": {
              "_R": "/traces/traceByMode/SOLUTION/trace/14/moinsUn/moinsUn"
            },
            "carte": null,
            "nombreOr": 0.0,
            "reponse": 0
          },
          {
            "_C": "Fibonacci",
            "n": 9,
            "moinsUn": {
              "_C": "MonFibonacci",
              "n": 8,
              "moinsUn": {
                "_C": "MonFibonacci",
                "n": 7,
                "moinsUn": {
                  "_C": "MonFibonacci",
                  "n": 6,
                  "moinsUn": {
                    "_C": "MonFibonacci",
                    "n": 5,
                    "moinsUn": {
                      "_C": "MonFibonacci",
                      "n": 4,
                      "moinsUn": {
                        "_C": "MonFibonacci",
                        "n": 3,
                        "moinsUn": {
                          "_C": "MonFibonacci",
                          "n": 2,
                          "moinsUn": {
                            "_C": "MonFibonacci",
                            "n": 1,
                            "moinsUn": {
                              "_C": "MonFibonacci",
                              "n": 0,
                              "moinsUn": null,
                              "moinsDeux": null,
                              "carte": {
                                "_R": "/traces/traceByMode/SOLUTION/trace/10/moinsUn/moinsUn/moinsUn/moinsUn/moinsUn/moinsUn/moinsUn/moinsUn/moinsUn/carte"
                              },
                              "nombreOr": 0.0,
                              "reponse": 0
                            },
                            "moinsDeux": null,
                            "carte": {
                              "_R": "/traces/traceByMode/SOLUTION/trace/11/moinsUn/moinsUn/moinsUn/moinsUn/moinsUn/moinsUn/moinsUn/moinsUn/carte"
                            },
                            "nombreOr": 0.0,
                            "reponse": 1
                          },
                          "moinsDeux": {
                            "_R": "/traces/traceByMode/SOLUTION/trace/15/moinsUn/moinsUn/moinsUn/moinsUn/moinsUn/moinsUn/moinsUn/moinsUn/moinsUn"
                          },
                          "carte": {
                            "_R": "/traces/traceByMode/SOLUTION/trace/12/moinsUn/moinsUn/moinsUn/moinsUn/moinsUn/moinsUn/moinsUn/carte"
                          },
                          "nombreOr": 1.0,
                          "reponse": 1
                        },
                        "moinsDeux": {
                          "_R": "/traces/traceByMode/SOLUTION/trace/15/moinsUn/moinsUn/moinsUn/moinsUn/moinsUn/moinsUn/moinsUn/moinsUn"
                        },
                        "carte": {
                          "_R": "/traces/traceByMode/SOLUTION/trace/13/moinsUn/moinsUn/moinsUn/moinsUn/moinsUn/moinsUn/carte"
                        },
                        "nombreOr": 0.5,
                        "reponse": 2
                      },
                      "moinsDeux": {
                        "_R": "/traces/traceByMode/SOLUTION/trace/15/moinsUn/moinsUn/moinsUn/moinsUn/moinsUn/moinsUn/moinsUn"
                      },
                      "carte": {
                        "_R": "/traces/traceByMode/SOLUTION/trace/14/moinsUn/moinsUn/moinsUn/moinsUn/moinsUn/carte"
                      },
                      "nombreOr": 0.6666666666666666,
                      "reponse": 3
                    },
                    "moinsDeux": {
                      "_R": "/traces/traceByMode/SOLUTION/trace/15/moinsUn/moinsUn/moinsUn/moinsUn/moinsUn/moinsUn"
                    },
                    "carte": {
                      "_C": "Carte",
                      "numero": 5,
                      "sorte": "COEUR"
                    },
                    "nombreOr": 0.6,
                    "reponse": 5
                  },
                  "moinsDeux": {
                    "_R": "/traces/traceByMode/SOLUTION/trace/15/moinsUn/moinsUn/moinsUn/moinsUn/moinsUn"
                  },
                  "carte": null,
                  "nombreOr": 0.0,
                  "reponse": 0
                },
                "moinsDeux": {
                  "_R": "/traces/traceByMode/SOLUTION/trace/15/moinsUn/moinsUn/moinsUn/moinsUn"
                },
                "carte": null,
                "nombreOr": 0.0,
                "reponse": 0
              },
              "moinsDeux": {
                "_R": "/traces/traceByMode/SOLUTION/trace/15/moinsUn/moinsUn/moinsUn"
              },
              "carte": null,
              "nombreOr": 0.0,
              "reponse": 0
            },
            "moinsDeux": {
              "_R": "/traces/traceByMode/SOLUTION/trace/15/moinsUn/moinsUn"
            },
            "carte": null,
            "nombreOr": 0.0,
            "reponse": 0
          },
          {
            "_C": "Fibonacci",
            "n": 9,
            "moinsUn": {
              "_C": "MonFibonacci",
              "n": 8,
              "moinsUn": {
                "_C": "MonFibonacci",
                "n": 7,
                "moinsUn": {
                  "_C": "MonFibonacci",
                  "n": 6,
                  "moinsUn": {
                    "_C": "MonFibonacci",
                    "n": 5,
                    "moinsUn": {
                      "_C": "MonFibonacci",
                      "n": 4,
                      "moinsUn": {
                        "_C": "MonFibonacci",
                        "n": 3,
                        "moinsUn": {
                          "_C": "MonFibonacci",
                          "n": 2,
                          "moinsUn": {
                            "_C": "MonFibonacci",
                            "n": 1,
                            "moinsUn": {
                              "_C": "MonFibonacci",
                              "n": 0,
                              "moinsUn": null,
                              "moinsDeux": null,
                              "carte": {
                                "_R": "/traces/traceByMode/SOLUTION/trace/10/moinsUn/moinsUn/moinsUn/moinsUn/moinsUn/moinsUn/moinsUn/moinsUn/moinsUn/carte"
                              },
                              "nombreOr": 0.0,
                              "reponse": 0
                            },
                            "moinsDeux": null,
                            "carte": {
                              "_R": "/traces/traceByMode/SOLUTION/trace/11/moinsUn/moinsUn/moinsUn/moinsUn/moinsUn/moinsUn/moinsUn/moinsUn/carte"
                            },
                            "nombreOr": 0.0,
                            "reponse": 1
                          },
                          "moinsDeux": {
                            "_R": "/traces/traceByMode/SOLUTION/trace/16/moinsUn/moinsUn/moinsUn/moinsUn/moinsUn/moinsUn/moinsUn/moinsUn/moinsUn"
                          },
                          "carte": {
                            "_R": "/traces/traceByMode/SOLUTION/trace/12/moinsUn/moinsUn/moinsUn/moinsUn/moinsUn/moinsUn/moinsUn/carte"
                          },
                          "nombreOr": 1.0,
                          "reponse": 1
                        },
                        "moinsDeux": {
                          "_R": "/traces/traceByMode/SOLUTION/trace/16/moinsUn/moinsUn/moinsUn/moinsUn/moinsUn/moinsUn/moinsUn/moinsUn"
                        },
                        "carte": {
                          "_R": "/traces/traceByMode/SOLUTION/trace/13/moinsUn/moinsUn/moinsUn/moinsUn/moinsUn/moinsUn/carte"
                        },
                        "nombreOr": 0.5,
                        "reponse": 2
                      },
                      "moinsDeux": {
                        "_R": "/traces/traceByMode/SOLUTION/trace/16/moinsUn/moinsUn/moinsUn/moinsUn/moinsUn/moinsUn/moinsUn"
                      },
                      "carte": {
                        "_R": "/traces/traceByMode/SOLUTION/trace/14/moinsUn/moinsUn/moinsUn/moinsUn/moinsUn/carte"
                      },
                      "nombreOr": 0.6666666666666666,
                      "reponse": 3
                    },
                    "moinsDeux": {
                      "_R": "/traces/traceByMode/SOLUTION/trace/16/moinsUn/moinsUn/moinsUn/moinsUn/moinsUn/moinsUn"
                    },
                    "carte": {
                      "_R": "/traces/traceByMode/SOLUTION/trace/15/moinsUn/moinsUn/moinsUn/moinsUn/carte"
                    },
                    "nombreOr": 0.6,
                    "reponse": 5
                  },
                  "moinsDeux": {
                    "_R": "/traces/traceByMode/SOLUTION/trace/16/moinsUn/moinsUn/moinsUn/moinsUn/moinsUn"
                  },
                  "carte": {
                    "_C": "Carte",
                    "numero": 8,
                    "sorte": "COEUR"
                  },
                  "nombreOr": 0.625,
                  "reponse": 8
                },
                "moinsDeux": {
                  "_R": "/traces/traceByMode/SOLUTION/trace/16/moinsUn/moinsUn/moinsUn/moinsUn"
                },
                "carte": null,
                "nombreOr": 0.0,
                "reponse": 0
              },
              "moinsDeux": {
                "_R": "/traces/traceByMode/SOLUTION/trace/16/moinsUn/moinsUn/moinsUn"
              },
              "carte": null,
              "nombreOr": 0.0,
              "reponse": 0
            },
            "moinsDeux": {
              "_R": "/traces/traceByMode/SOLUTION/trace/16/moinsUn/moinsUn"
            },
            "carte": null,
            "nombreOr": 0.0,
            "reponse": 0
          },
          {
            "_C": "Fibonacci",
            "n": 9,
            "moinsUn": {
              "_C": "MonFibonacci",
              "n": 8,
              "moinsUn": {
                "_C": "MonFibonacci",
                "n": 7,
                "moinsUn": {
                  "_C": "MonFibonacci",
                  "n": 6,
                  "moinsUn": {
                    "_C": "MonFibonacci",
                    "n": 5,
                    "moinsUn": {
                      "_C": "MonFibonacci",
                      "n": 4,
                      "moinsUn": {
                        "_C": "MonFibonacci",
                        "n": 3,
                        "moinsUn": {
                          "_C": "MonFibonacci",
                          "n": 2,
                          "moinsUn": {
                            "_C": "MonFibonacci",
                            "n": 1,
                            "moinsUn": {
                              "_C": "MonFibonacci",
                              "n": 0,
                              "moinsUn": null,
                              "moinsDeux": null,
                              "carte": {
                                "_R": "/traces/traceByMode/SOLUTION/trace/10/moinsUn/moinsUn/moinsUn/moinsUn/moinsUn/moinsUn/moinsUn/moinsUn/moinsUn/carte"
                              },
                              "nombreOr": 0.0,
                              "reponse": 0
                            },
                            "moinsDeux": null,
                            "carte": {
                              "_R": "/traces/traceByMode/SOLUTION/trace/11/moinsUn/moinsUn/moinsUn/moinsUn/moinsUn/moinsUn/moinsUn/moinsUn/carte"
                            },
                            "nombreOr": 0.0,
                            "reponse": 1
                          },
                          "moinsDeux": {
                            "_R": "/traces/traceByMode/SOLUTION/trace/17/moinsUn/moinsUn/moinsUn/moinsUn/moinsUn/moinsUn/moinsUn/moinsUn/moinsUn"
                          },
                          "carte": {
                            "_R": "/traces/traceByMode/SOLUTION/trace/12/moinsUn/moinsUn/moinsUn/moinsUn/moinsUn/moinsUn/moinsUn/carte"
                          },
                          "nombreOr": 1.0,
                          "reponse": 1
                        },
                        "moinsDeux": {
                          "_R": "/traces/traceByMode/SOLUTION/trace/17/moinsUn/moinsUn/moinsUn/moinsUn/moinsUn/moinsUn/moinsUn/moinsUn"
                        },
                        "carte": {
                          "_R": "/traces/traceByMode/SOLUTION/trace/13/moinsUn/moinsUn/moinsUn/moinsUn/moinsUn/moinsUn/carte"
                        },
                        "nombreOr": 0.5,
                        "reponse": 2
                      },
                      "moinsDeux": {
                        "_R": "/traces/traceByMode/SOLUTION/trace/17/moinsUn/moinsUn/moinsUn/moinsUn/moinsUn/moinsUn/moinsUn"
                      },
                      "carte": {
                        "_R": "/traces/traceByMode/SOLUTION/trace/14/moinsUn/moinsUn/moinsUn/moinsUn/moinsUn/carte"
                      },
                      "nombreOr": 0.6666666666666666,
                      "reponse": 3
                    },
                    "moinsDeux": {
                      "_R": "/traces/traceByMode/SOLUTION/trace/17/moinsUn/moinsUn/moinsUn/moinsUn/moinsUn/moinsUn"
                    },
                    "carte": {
                      "_R": "/traces/traceByMode/SOLUTION/trace/15/moinsUn/moinsUn/moinsUn/moinsUn/carte"
                    },
                    "nombreOr": 0.6,
                    "reponse": 5
                  },
                  "moinsDeux": {
                    "_R": "/traces/traceByMode/SOLUTION/trace/17/moinsUn/moinsUn/moinsUn/moinsUn/moinsUn"
                  },
                  "carte": {
                    "_R": "/traces/traceByMode/SOLUTION/trace/16/moinsUn/moinsUn/moinsUn/carte"
                  },
                  "nombreOr": 0.625,
                  "reponse": 8
                },
                "moinsDeux": {
                  "_R": "/traces/traceByMode/SOLUTION/trace/17/moinsUn/moinsUn/moinsUn/moinsUn"
                },
                "carte": {
                  "_C": "Carte",
                  "numero": 13,
                  "sorte": "COEUR"
                },
                "nombreOr": 0.6153846153846154,
                "reponse": 13
              },
              "moinsDeux": {
                "_R": "/traces/traceByMode/SOLUTION/trace/17/moinsUn/moinsUn/moinsUn"
              },
              "carte": null,
              "nombreOr": 0.0,
              "reponse": 0
            },
            "moinsDeux": {
              "_R": "/traces/traceByMode/SOLUTION/trace/17/moinsUn/moinsUn"
            },
            "carte": null,
            "nombreOr": 0.0,
            "reponse": 0
          },
          {
            "_C": "Fibonacci",
            "n": 9,
            "moinsUn": {
              "_C": "MonFibonacci",
              "n": 8,
              "moinsUn": {
                "_C": "MonFibonacci",
                "n": 7,
                "moinsUn": {
                  "_C": "MonFibonacci",
                  "n": 6,
                  "moinsUn": {
                    "_C": "MonFibonacci",
                    "n": 5,
                    "moinsUn": {
                      "_C": "MonFibonacci",
                      "n": 4,
                      "moinsUn": {
                        "_C": "MonFibonacci",
                        "n": 3,
                        "moinsUn": {
                          "_C": "MonFibonacci",
                          "n": 2,
                          "moinsUn": {
                            "_C": "MonFibonacci",
                            "n": 1,
                            "moinsUn": {
                              "_C": "MonFibonacci",
                              "n": 0,
                              "moinsUn": null,
                              "moinsDeux": null,
                              "carte": {
                                "_R": "/traces/traceByMode/SOLUTION/trace/10/moinsUn/moinsUn/moinsUn/moinsUn/moinsUn/moinsUn/moinsUn/moinsUn/moinsUn/carte"
                              },
                              "nombreOr": 0.0,
                              "reponse": 0
                            },
                            "moinsDeux": null,
                            "carte": {
                              "_R": "/traces/traceByMode/SOLUTION/trace/11/moinsUn/moinsUn/moinsUn/moinsUn/moinsUn/moinsUn/moinsUn/moinsUn/carte"
                            },
                            "nombreOr": 0.0,
                            "reponse": 1
                          },
                          "moinsDeux": {
                            "_R": "/traces/traceByMode/SOLUTION/trace/18/moinsUn/moinsUn/moinsUn/moinsUn/moinsUn/moinsUn/moinsUn/moinsUn/moinsUn"
                          },
                          "carte": {
                            "_R": "/traces/traceByMode/SOLUTION/trace/12/moinsUn/moinsUn/moinsUn/moinsUn/moinsUn/moinsUn/moinsUn/carte"
                          },
                          "nombreOr": 1.0,
                          "reponse": 1
                        },
                        "moinsDeux": {
                          "_R": "/traces/traceByMode/SOLUTION/trace/18/moinsUn/moinsUn/moinsUn/moinsUn/moinsUn/moinsUn/moinsUn/moinsUn"
                        },
                        "carte": {
                          "_R": "/traces/traceByMode/SOLUTION/trace/13/moinsUn/moinsUn/moinsUn/moinsUn/moinsUn/moinsUn/carte"
                        },
                        "nombreOr": 0.5,
                        "reponse": 2
                      },
                      "moinsDeux": {
                        "_R": "/traces/traceByMode/SOLUTION/trace/18/moinsUn/moinsUn/moinsUn/moinsUn/moinsUn/moinsUn/moinsUn"
                      },
                      "carte": {
                        "_R": "/traces/traceByMode/SOLUTION/trace/14/moinsUn/moinsUn/moinsUn/moinsUn/moinsUn/carte"
                      },
                      "nombreOr": 0.6666666666666666,
                      "reponse": 3
                    },
                    "moinsDeux": {
                      "_R": "/traces/traceByMode/SOLUTION/trace/18/moinsUn/moinsUn/moinsUn/moinsUn/moinsUn/moinsUn"
                    },
                    "carte": {
                      "_R": "/traces/traceByMode/SOLUTION/trace/15/moinsUn/moinsUn/moinsUn/moinsUn/carte"
                    },
                    "nombreOr": 0.6,
                    "reponse": 5
                  },
                  "moinsDeux": {
                    "_R": "/traces/traceByMode/SOLUTION/trace/18/moinsUn/moinsUn/moinsUn/moinsUn/moinsUn"
                  },
                  "carte": {
                    "_R": "/traces/traceByMode/SOLUTION/trace/16/moinsUn/moinsUn/moinsUn/carte"
                  },
                  "nombreOr": 0.625,
                  "reponse": 8
                },
                "moinsDeux": {
                  "_R": "/traces/traceByMode/SOLUTION/trace/18/moinsUn/moinsUn/moinsUn/moinsUn"
                },
                "carte": {
                  "_R": "/traces/traceByMode/SOLUTION/trace/17/moinsUn/moinsUn/carte"
                },
                "nombreOr": 0.6153846153846154,
                "reponse": 13
              },
              "moinsDeux": {
                "_R": "/traces/traceByMode/SOLUTION/trace/18/moinsUn/moinsUn/moinsUn"
              },
              "carte": {
                "_C": "Carte",
                "numero": 21,
                "sorte": "COEUR"
              },
              "nombreOr": 0.6190476190476191,
              "reponse": 21
            },
            "moinsDeux": {
              "_R": "/traces/traceByMode/SOLUTION/trace/18/moinsUn/moinsUn"
            },
            "carte": null,
            "nombreOr": 0.0,
            "reponse": 0
          },
          {
            "_C": "Fibonacci",
            "n": 9,
            "moinsUn": {
              "_C": "MonFibonacci",
              "n": 8,
              "moinsUn": {
                "_C": "MonFibonacci",
                "n": 7,
                "moinsUn": {
                  "_C": "MonFibonacci",
                  "n": 6,
                  "moinsUn": {
                    "_C": "MonFibonacci",
                    "n": 5,
                    "moinsUn": {
                      "_C": "MonFibonacci",
                      "n": 4,
                      "moinsUn": {
                        "_C": "MonFibonacci",
                        "n": 3,
                        "moinsUn": {
                          "_C": "MonFibonacci",
                          "n": 2,
                          "moinsUn": {
                            "_C": "MonFibonacci",
                            "n": 1,
                            "moinsUn": {
                              "_C": "MonFibonacci",
                              "n": 0,
                              "moinsUn": null,
                              "moinsDeux": null,
                              "carte": {
                                "_R": "/traces/traceByMode/SOLUTION/trace/10/moinsUn/moinsUn/moinsUn/moinsUn/moinsUn/moinsUn/moinsUn/moinsUn/moinsUn/carte"
                              },
                              "nombreOr": 0.0,
                              "reponse": 0
                            },
                            "moinsDeux": null,
                            "carte": {
                              "_R": "/traces/traceByMode/SOLUTION/trace/11/moinsUn/moinsUn/moinsUn/moinsUn/moinsUn/moinsUn/moinsUn/moinsUn/carte"
                            },
                            "nombreOr": 0.0,
                            "reponse": 1
                          },
                          "moinsDeux": {
                            "_R": "/traces/traceByMode/SOLUTION/trace/19/moinsUn/moinsUn/moinsUn/moinsUn/moinsUn/moinsUn/moinsUn/moinsUn/moinsUn"
                          },
                          "carte": {
                            "_R": "/traces/traceByMode/SOLUTION/trace/12/moinsUn/moinsUn/moinsUn/moinsUn/moinsUn/moinsUn/moinsUn/carte"
                          },
                          "nombreOr": 1.0,
                          "reponse": 1
                        },
                        "moinsDeux": {
                          "_R": "/traces/traceByMode/SOLUTION/trace/19/moinsUn/moinsUn/moinsUn/moinsUn/moinsUn/moinsUn/moinsUn/moinsUn"
                        },
                        "carte": {
                          "_R": "/traces/traceByMode/SOLUTION/trace/13/moinsUn/moinsUn/moinsUn/moinsUn/moinsUn/moinsUn/carte"
                        },
                        "nombreOr": 0.5,
                        "reponse": 2
                      },
                      "moinsDeux": {
                        "_R": "/traces/traceByMode/SOLUTION/trace/19/moinsUn/moinsUn/moinsUn/moinsUn/moinsUn/moinsUn/moinsUn"
                      },
                      "carte": {
                        "_R": "/traces/traceByMode/SOLUTION/trace/14/moinsUn/moinsUn/moinsUn/moinsUn/moinsUn/carte"
                      },
                      "nombreOr": 0.6666666666666666,
                      "reponse": 3
                    },
                    "moinsDeux": {
                      "_R": "/traces/traceByMode/SOLUTION/trace/19/moinsUn/moinsUn/moinsUn/moinsUn/moinsUn/moinsUn"
                    },
                    "carte": {
                      "_R": "/traces/traceByMode/SOLUTION/trace/15/moinsUn/moinsUn/moinsUn/moinsUn/carte"
                    },
                    "nombreOr": 0.6,
                    "reponse": 5
                  },
                  "moinsDeux": {
                    "_R": "/traces/traceByMode/SOLUTION/trace/19/moinsUn/moinsUn/moinsUn/moinsUn/moinsUn"
                  },
                  "carte": {
                    "_R": "/traces/traceByMode/SOLUTION/trace/16/moinsUn/moinsUn/moinsUn/carte"
                  },
                  "nombreOr": 0.625,
                  "reponse": 8
                },
                "moinsDeux": {
                  "_R": "/traces/traceByMode/SOLUTION/trace/19/moinsUn/moinsUn/moinsUn/moinsUn"
                },
                "carte": {
                  "_R": "/traces/traceByMode/SOLUTION/trace/17/moinsUn/moinsUn/carte"
                },
                "nombreOr": 0.6153846153846154,
                "reponse": 13
              },
              "moinsDeux": {
                "_R": "/traces/traceByMode/SOLUTION/trace/19/moinsUn/moinsUn/moinsUn"
              },
              "carte": {
                "_R": "/traces/traceByMode/SOLUTION/trace/18/moinsUn/carte"
              },
              "nombreOr": 0.6190476190476191,
              "reponse": 21
            },
            "moinsDeux": {
              "_R": "/traces/traceByMode/SOLUTION/trace/19/moinsUn/moinsUn"
            },
            "carte": {
              "_C": "Carte",
              "numero": 34,
              "sorte": "COEUR"
            },
            "nombreOr": 0.6176470588235294,
            "reponse": 34
          }
        ],
        "current": 0
      },
      "MANUAL": {
        "_C": "FibonacciExecutionTraceFull",
        "trace": [
          {
            "_C": "Fibonacci",
            "n": 9,
            "moinsUn": null,
            "moinsDeux": null,
            "carte": null,
            "nombreOr": 0.0,
            "reponse": 0
          }
        ],
        "current": 0
      }
    }
  },
  "testCaseId": "ex09",
  "category": "exemples"
}